-- phpMyAdmin SQL Dump
-- version 5.2.1
-- https://www.phpmyadmin.net/
--
-- Host: 127.0.0.1
-- Generation Time: May 30, 2025 at 12:37 PM
-- Server version: 10.4.32-MariaDB
-- PHP Version: 8.2.12

SET SQL_MODE = "NO_AUTO_VALUE_ON_ZERO";
START TRANSACTION;
SET time_zone = "+00:00";


/*!40101 SET @OLD_CHARACTER_SET_CLIENT=@@CHARACTER_SET_CLIENT */;
/*!40101 SET @OLD_CHARACTER_SET_RESULTS=@@CHARACTER_SET_RESULTS */;
/*!40101 SET @OLD_COLLATION_CONNECTION=@@COLLATION_CONNECTION */;
/*!40101 SET NAMES utf8mb4 */;

--
-- Database: `quotepro_db`
--

-- --------------------------------------------------------

--
-- Table structure for table `clients`
--

CREATE TABLE `clients` (
  `id` int(11) NOT NULL,
  `name` varchar(255) NOT NULL,
  `phone` varchar(20) NOT NULL
) ENGINE=InnoDB DEFAULT CHARSET=utf8mb4 COLLATE=utf8mb4_general_ci;

--
-- Dumping data for table `clients`
--

INSERT INTO `clients` (`id`, `name`, `phone`) VALUES
(11, 'MUHAMMED ASHLIN JAMAL', '96658055'),
(12, 'ABM BUILDING MATERIALS LLC', ''),
(13, 'AFEEF INTEGRATED TRADING LLC', ''),
(14, 'AHMED MAHFOOD AL SHEEDAD & PARTNERS', ''),
(15, 'AHMED QATAN TRADING CO L.L.C', ''),
(16, 'AL AMANA BUILDING MATERIALS', ''),
(17, 'AL ASRIYA ADVANCED TRADING LLC', ''),
(18, 'ALBROS TRADING CO.L.L.C', ''),
(19, 'AL DANUBE BUILDING MATERIALS & TRADING CO.L.L.C', ''),
(20, 'AL DASTOOR CONT & TRAD LLC', ''),
(21, 'AL HAIL WAVES INVESTMENT L.L.C', ''),
(22, 'AL HILAL AUTO PAINTS & ACCESSORIES LLC', ''),
(23, 'AL HILAL INTEGRATED INTERNATIONAL', ''),
(24, 'AL HILAL PLASTIC INDUSTRIES L.L.C', ''),
(25, 'AL JISR TRADING & CONT.', ''),
(26, 'AL KHALILI UNITED', ''),
(27, 'AL MAAMOON TRADING', ''),
(28, 'AL NAHDHA AL OMANIAH CO. L.L.C', '23299584'),
(29, 'AL NAHDHI NATIONAL TRADING CO', ''),
(30, 'AL NAHDHI NATIONAL TRADING CO', ''),
(31, 'AL NAWASER TRADING LLC', ''),
(32, 'AL NAWASER TRDNG CO.', ''),
(33, 'ALPHA PLASTIC CO LLC', ''),
(34, 'AL RABAT AL WASEEK L.L.C', ''),
(35, 'AL RAEESI ENTERPRISES FOUNDATION', ''),
(36, 'AL RAHMAH AL WATANIYA', ''),
(37, 'AL THAKWEEN UNITED', ''),
(38, 'AL WAFA TRADING & CONT CO', ''),
(39, 'AMIANTIT OMAN CO LLC', ''),
(40, 'AQUAPLEX FZE-OMR A/C', ''),
(41, 'BLUE STAR', ''),
(42, 'BUILDING TECHNOLOGY', ''),
(43, 'BUILDING TECHNOLOGY EST.', ''),
(44, 'DAR GLOBAL INVESTMENT LLC', ''),
(45, 'ELECTRO MECHANICAL SERVICES L.L.C', ''),
(46, 'GLOBAL BUSSINESS SPECIALIST COMPANY LLC', ''),
(47, 'GULF INDEX TRADING', ''),
(48, 'GULF INDEX TRADING & CONT.CO.', ''),
(49, 'GULFTECH BUILDING MATERIALS AL HASEELAH', ''),
(50, 'GULF TECH', ''),
(51, 'GULFTECH ELECTRIC CO.LLC', ''),
(52, 'HORIZONS TECH GLOBAL LLC', ''),
(53, 'IDEAL GLOBAL TRDNG CO. LLC.', ''),
(54, 'INTERNATIONAL KINGDOM FOR BUI.', ''),
(55, 'JAMNDAS KHIMJI PARTNERS', ''),
(56, 'KHIMJI RAMDAS', ''),
(57, 'MADAIN DHOFAR TRANSPORT & CARGO', ''),
(58, 'MOHAIT AL HAIL NATIONAL TRAD', ''),
(59, 'MOHAMMED ESHAQ TRADING CO. L.L.C', ''),
(60, 'MOHSIN HAIDER DARWISH', ''),
(61, 'MOHSIN HAIDER DARWISH L.L.C', ''),
(62, 'MUNANOOR MANUFACTURING & TRADING LLC.', ''),
(63, 'MUNA NOOR TRAD. LLC', ''),
(64, 'NATIONAL HEATERS INDUSTRIES CO.L.L.C', ''),
(65, 'OMAN MECHANICAL SERVICES', ''),
(66, 'OMAN MECHANICAL SERVICES', ''),
(67, 'OMAN OIL MARKETING S.A.O.G', ''),
(68, 'OMAN POLYCON L.L.C', ''),
(69, 'ONE WORLD TRAVEL TOURS & CARGO', ''),
(70, 'ORYX INT\'L BUILDING MATERIALS TRADING', ''),
(71, 'RABIA & ABDULLAH AL JABRI CO.', ''),
(72, 'ROSHAN AL JAZEERA TRAD.& CONT. EST.', ''),
(73, 'SAFELINE', ''),
(74, 'SODAMCO MUSCAT L.L.C', ''),
(75, 'TRADE LINKS & SERVICES CO. L.L.C', ''),
(76, 'TRADE LINKS & SERVICES CO. LLC', ''),
(77, 'WINS COMPUTERS', ''),
(78, 'WJ TOWEL & CO. LLC', ''),
(79, 'AAZIM SUHAIL MOHD AL MAASHANI', '99348815'),
(80, 'ABBAS CONTRACTOR', '96592266'),
(81, 'ABBAS FORMAN', '96587099'),
(82, 'ABDUL AHAD - PLUMBER', '99081646'),
(83, 'ABDUL ALEEM JAMAN SANJOOR MATRAN', '99493328'),
(84, 'ABDUL AZEEZ ABDULLAH RAWAS', '97666644'),
(85, 'ABDUL AZIZ ABDULLAH KHAMIS AL ABRI', '96569121'),
(86, 'ABDUL AZIZ AHMED JAMAAN AL HILALI', '96070709'),
(87, 'ABDUL HAFIDH SALIM RAJAB AL OJAILI', '98388884'),
(88, 'ABDUL HAKEEM SALAM HAFEEDH RAWAS', '99347342'),
(89, 'ABDUL KHALEEFA', '95398099'),
(90, 'ABDULLAH ABOOBACKER AL DAHAB', '99490645'),
(91, 'ABDULLAH AHMED AWADH AL NAJJAR', '99499632'),
(92, 'ABDULLAH AHMED BAKHEET SHANFARI', ''),
(93, 'ABDULLAH AHMED MOHD AL SHAHRI', '92352471'),
(94, 'ABDULLAH AHMED SALAM AL HADEED', '92922228'),
(95, 'ABDULLAH AQEEL TRAD & CONT CO', ''),
(96, 'ABDULLAH AQIL OMAR BA OMAR', '99088886'),
(97, 'ABDULLAH FORMAN', '77564348'),
(98, 'ABDULLAH MOHAMMED AL YAFAI', '93317765'),
(99, 'ABDULLAH MOHD AL KAHF', '92987888'),
(100, 'ABDULLAH MOHD SHEIKH ABOOBACKER', '92855568'),
(101, 'ABDULLAH MUBARAK ABDULLAH', '99157575'),
(102, 'ABDULLAH OMER AHMED BA OMAR', '99087776'),
(103, 'ABDULLAH SAED SUHAIL AL AMRI TRDG & CONT', '99485357'),
(104, 'ABDULLAH SALAM AHMED HUBAISE', '99787824'),
(105, 'ABDULLAH SALlM AMRI', '94499220'),
(106, 'ABDULLA MOHAMED SALAM ALKAF', '99495960'),
(107, 'ABDUL MAJEED CONTRACTOR - RAJASTHANI', '92078188, 99053792'),
(108, 'ABDUL MUHSIN SHAHBAN AL OJAILI C/O. ALI NAHDI', '99080552'),
(109, 'ABDUL RAHMAN ADHI OMAN', '95088323'),
(110, 'ABDUL RASOOL AL BALOOCHI', '99458141'),
(111, 'ABDURAHMAN ARAFA JAMAAN', '95048571'),
(112, 'ABDUSSALAM MOHD AL RAWAS', '92871666,99492900'),
(113, 'ABEEDAN SALAM ALI AL MASHINI', '99679771'),
(114, 'ABEER AL KHAIR TRDNG & CONT. CO.', '93687399'),
(115, 'ABOOBACKER MOHAMMED SALAM DAHAB', '99250404'),
(116, 'ABRAJ AL SULTANA', ''),
(117, 'ABU AMRO AL SHANFARI TRDNG & CNTG', '99481515,95410228'),
(118, 'ADAR SALAM BA OMAR', '94294297'),
(119, 'ADEEB BASHIR HASSAN BAIT SUILM', '99889110'),
(120, 'ADEL SALIM ESSA TABOOK', '94444421'),
(121, 'ADHIL AHMED JAMAN AL GHAILI', '99482211'),
(122, 'ADHI OMAN LLC.', '94295701'),
(123, 'ADIL MAZOUD MUHAD TABOOK', '99799167'),
(124, 'ADIL MOHD SAED AL AMRI', ''),
(125, 'ADIL OMER SALIM AL SAMIN AMIR', '99497179'),
(126, 'ADIL RAMADAN MUSTHAHEEL NASEEB', ''),
(127, 'ADIL SALAM MOHAMMED AL BALOOCHI', '99522745'),
(128, 'ADNAN ALI KHALID ALOLAYAN', '92673733'),
(129, 'ADNAN ALMAS BAIT SUBAIH', '99582380'),
(130, 'ADNAN SAED ALI BA QAWEER', '99496466'),
(131, 'AFFAN AL GASSAN', '90847777'),
(132, 'AFTAB CONTRACTOR', '94166094'),
(133, 'AHAD AL GHARBIA', '93333034'),
(134, 'AHMED ABDULLAH BURHAM BA OMER', '99294722'),
(135, 'AHMED ABDULLAH MAHROOS AL SAIARI', '99497929'),
(136, 'AHMED ALAWI SULAIMAN BA OMER', '98815885'),
(137, 'AHMED ALI AWAD BAIT ARAFA', ''),
(138, 'AHMED ALI MOHD AL KATHEERI', '99487388'),
(139, 'AHMED ALI RAKAB AL HILALI', '99484212'),
(140, 'AHMED AL KATHEERI', '92178182'),
(141, 'AHMED AMER AHMED AL AMRY', '97091111,99261113'),
(142, 'AHMED AMER MUHSIN AL GAREEBI', '99006399'),
(143, 'AHMED AMIR AL SHANFARI', '99675192'),
(144, 'AHMED AQEEL AL IBRAHIM', '99494760'),
(145, 'AHMED AQEEL MOHD MUQAIBAL', '98839999'),
(146, 'AHMED ASLAM AHMED AUDIN SHAHRI', '92522123'),
(147, 'AHMED AWADH SHAROON JABOOB', '97229877'),
(148, 'AHMED BIN ABOOBAKKER BIN SALIM AL GASSANI', '99499288'),
(149, 'AHMED DABLAN MUSALLAM HUBAIS', '92841010'),
(150, 'AHMED GHANIM MOHD RAJHIT', '99004118'),
(151, 'AHMED HAMDAN SALEH AL DARMAKI', '99333988'),
(152, 'AHMED HASSAN MAHAD KASHOOB', '911336639'),
(153, 'AHMED HASSAN SALAM JABOOB', '99482728'),
(154, 'AHMED ISSA AHMED JABOOB', ''),
(155, 'AHMED MOHAMMED AL SHAHRI', '92793886'),
(156, 'AHMED MOHAMMED SHAHRI', '90414181 / 99497106'),
(157, 'AHMED MOHD AHMED AL SHAHRI', '92322283'),
(158, 'AHMED MOHD FARAJ AL GHASSANI', '92237777'),
(159, 'AHMED MOHD HAMID MUSHAIKI', '92327744'),
(160, 'AHMED MOHD SUHAIL BAIT SAID', '99123457'),
(161, 'AHMED MUHAD SAED KASHOOB', ''),
(162, 'AHMED MUSALLAM MAHAD KASHOOB', '92201075'),
(163, 'AHMED MUSALLAM SUHAIL JADAD', ''),
(164, 'AHMED MUSTAHIL MOHD AL SHAHRI', '92211005'),
(165, 'AHMED OMER MOHD AL KATHEERY', '94002629'),
(166, 'AHMED QALMOON', '98531132'),
(167, 'AHMED SAED AHMED SAFRAR', '95922239'),
(168, 'AHMED SAED ALI ATIF AL YAFAI', ''),
(169, 'AHMED SAED AL KATHERI', ''),
(170, 'AHMED SAED MOHD SAFROR', '96108288'),
(171, 'AHMED SAED SALAM AL AMRI', '92362137'),
(172, 'AHMED SAED SHAHRI TRADG & CONTG', ''),
(173, 'AHMED SAED SUHAIL BAQI', '92000303'),
(174, 'AHMED SAID SALIM JABOOB', '99494165'),
(175, 'AHMED SAID SHAHRI', '92288898'),
(176, 'AHMED SAIF BASHIR AL GHAFRI', '99490200'),
(177, 'AHMED SALAM AHMED QATAN', ''),
(178, 'AHMED SALAM MOHD BA OMER', ''),
(179, 'AHMED SALEM AL JAHFLY', '99477060'),
(180, 'AHMED SALEM GHALIB BA ALWI', '99494297'),
(181, 'AHMED SALIM SAID QAMSIT AL MAHRI', '92755516'),
(182, 'AHMED SUHAIL ALI QATAN', '99288270'),
(183, 'AHMED SUHAIL SALAM KASHOOB', '98885020'),
(184, 'AJEESH CONTRACTOR', '93628452'),
(185, 'AKRAM KHAMIS SALEEM AL HAMBASI', '92608608'),
(186, 'AKTAR MOHD NOOR', '92621577'),
(187, 'AL AHQAF CONSTRUCTION AND TRADING', ''),
(188, 'AL AMER INTERNATIONAL', '99488966'),
(189, 'AL ASAS CONSTRUCTION', ''),
(190, 'AL ASSAS AL ARABIA CO LLC', ''),
(191, 'ALAWI MOHD ALAWI BA OMER', '99494622'),
(192, 'ALAWI MOHD MUQAIBAL', '99080809'),
(193, 'AL BARKA GLOBAL TRAD & CONT', ''),
(194, 'AL BUSTAN BUILDING MATERIALS ( MCT )', ''),
(195, 'AL BUSTAN BUILDING MATERIALS ( SLL )', ''),
(196, 'AL EKHA INTERNATIONAL CO.LLC', ''),
(197, 'AL FAISALIA TRADG & CONTG (DEALER)', ''),
(198, 'AL FAJAR AL JADID TRDG & CONT.', ''),
(199, 'AL GAFRA TRADING AND CONT.CO', ''),
(200, 'AL GHRAFA NATIONAL TRDNG & CONT. CO.', '92260815'),
(201, 'AL HADDAD TRDNG & CONT. CO.', ''),
(202, 'AL HAFA ENTERPRISES', ''),
(203, 'AL HASHEMI & AL RAWAS TRDNG CONT. CO.', ''),
(204, 'AL HATAN TRDNG CO.', ''),
(205, 'AL HUDHUD CONSTRUCTION CO.', '92449449'),
(206, 'AL HUSAM MARBLE AMD PORCELEAN', '91210059'),
(207, 'ALI ABDULLA HAIDROS ABDULLA', '92085522'),
(208, 'ALI ABDULLAH ALI BALKHAIR', '92552802'),
(209, 'ALI ABDULLAH AWADH BIN THABIT AL NAHDI', '99080552'),
(210, 'ALI AHMED MOHD AL MASHINI', ''),
(211, 'ALI AHMED SHANFARI', ''),
(212, 'ALI AMER MOHAMMED AL AMRY', '92333693'),
(213, 'ALI AWADH FATAH ( MIN. OF INFO )', '91974666'),
(214, 'ALI BAKHEET ALI AL BARAMI', '92554548'),
(215, 'ALI HAMID AHMED AL AMRY', '97075555'),
(216, 'ALI JUMAN AL ABEED', '99705423'),
(217, 'ALI MASOUD SALMAN TABUK TRDNG & CONT', ''),
(218, 'ALI MOHAMED SAID TABOOK', ''),
(219, 'ALI MOHD MAHAD KASHOOB', '98037779'),
(220, 'ALI MOHD MAKBUL AL AMRI', '96430308'),
(221, 'ALI MOHD MUSALLAM AL BARAMI', '99496161'),
(222, 'ALI MUSALLAM ALI JABOOB', '99698366'),
(223, 'ALI MUSALLAM AMER HUBAIS', '96333350'),
(224, 'ALI MUSALLAM SAED KASHOOB', '97011674'),
(225, 'ALI SAED ABDULLAH AL KATHEERI', '99490457'),
(226, 'ALI SAED ABDULLAH SHUKAILI', ''),
(227, 'ALI SAED ALI TABOOK', '92600257'),
(228, 'ALI SAED AMOOSH', '99487931'),
(229, 'ALI SAED SUHAIL QATAN', '99361664'),
(230, 'ALI SALAM AHMED BA MUKHALIF', '99493313'),
(231, 'ALI SALAM SAED AL AWAED', '92635209'),
(232, 'AL ISTIQRAR AL OMANIA', ''),
(233, 'ALI SUHAIL SALAM AL MAHRI', '92546776'),
(234, 'AL JAHFALY TRADING & CONTRACTING', ''),
(235, 'AL KASER GLOBAL TRDNG & CONT', ''),
(236, 'AL KAUTHER WATER LLC.', ''),
(237, 'AL KHALEEJIYA BUILDING CONST.CO.', '99292600'),
(238, 'AL LOTUS ASSAMILA CONTRACTING', '95204804'),
(239, 'AL MAAMOON UNITED TRADING COMPANY', '23298827'),
(240, 'ALMAD TRADING & CONTRACTING', ''),
(241, 'AL MAHAM TRDNG & CONT CO', ''),
(242, 'AL MAJDAR TRDG & CONT.CO.', ''),
(243, 'AL MALKI TRADING', '92864343'),
(244, 'AL MASHOOR TRADING & CONTRACTING CO.', ''),
(245, 'AL MAWRED AL THAB TRDNG CO', '92808488'),
(246, 'AL MORAM CO LLC', '99497777'),
(247, 'AL MOTAKAMLA CLINIC', ''),
(248, 'AL NABA INFRASTRUCTURE LLC', '99897515'),
(249, 'AL NABTAH TRDNG & CONTG CO.', ''),
(250, 'AL NAHAR WATER', ''),
(251, 'AL NAHDHA AL OMANIA CO.', ''),
(252, 'AL NAYZAK INTERNATIONAL CO. L.L.C', ''),
(253, 'AL OULA THAMIR AL ISKAN', ''),
(254, 'AL QALMON LIL ISTASMAR TRDNG CO.', ''),
(255, 'AL QUALMON TRDNG & CONT. CO.', ''),
(256, 'AL RABYAH NATIONAL CONT. CO.', ''),
(257, 'AL RASEEN GLOBAL TRDNG & EST.(SHOUKATH', '99098611'),
(258, 'AL REEF INTERNATIONAL', ''),
(259, 'AL REEMAJ GLOBAL TRDNG CO. LLC.', ''),
(260, 'AL SALASAL GOLDEN UNITED TRDNG CO.', ''),
(261, 'AL SHAHRY TRADING CONT.EST', '96900888'),
(262, 'AL SUMOW AL BAHI TRAD & CONTG (REGENCY)', '91229054'),
(263, 'AL TAWASI GLOBAL TRAD & CONT', ''),
(264, 'AL WAD BUILDING', '91182907'),
(265, 'AL YAMAMA TRADING', ''),
(266, 'AMAR HADIDH ABDUL WAHAB AL MUJAINI', '92682216'),
(267, 'AMAR MUBARAK SHAHRI', '94492725'),
(268, 'AMEEN - PLUMBER', ''),
(269, 'AMER AHMED ALI AL RAWAS', '99280000'),
(270, 'AMER ALI AL RAWAS', '99360044'),
(271, 'AMER HAMID AWADH JABOOB', '94533332'),
(272, 'AMER MOHD MAHAD AL AMRI', '92933222'),
(273, 'AMER MUSALLAM BAKHEET KASHOOB', ''),
(274, 'AMER OMER JADAD', '99241100'),
(275, 'AMER SALAM MAHAD KASHOOB', '92228256'),
(276, 'AMER SUHAIL MOHD AL AWAID', '91408888'),
(277, 'AMIN FAEL SAID AL LAUN', '98288565'),
(278, 'AMJAD PLUMBER (GRAND ENT.LLC.)', ''),
(279, 'ANAS AL THAMEEM', '98989894'),
(280, 'ANSARI CONTRACTOR', '92673733'),
(281, 'AQEEL MOHD AQEEL BA OMER', '98975757'),
(282, 'ARAB ENGINEERING CONST. & CONT.', ''),
(283, 'ARABIAN TRDG & SERVICES CO.', ''),
(284, 'ARAB LINE CO.', '98902727'),
(285, 'ARAB LINE TRADING & CONTRACTING CO.', ''),
(286, 'ARIF PLUMBER', ''),
(287, 'ARIF SAED ALI FADHIL', '92988880'),
(288, 'ARSHAD KHIMJI', '99274774'),
(289, 'ARSHAD PLUMBER', ''),
(290, 'ASHIK BAI CONTRACTOR', ''),
(291, 'ASHRAF MOHD HASSAN', '96064218'),
(292, 'ASIF AHMED AL AMRY', '96056991'),
(293, 'ASIF ALI CONTRACTOR', '99490786'),
(294, 'ASLAM BAI CONTRACTOR', '95675438'),
(295, 'ASSALA AL KHALEEG AL ARAB', '92787721'),
(296, 'AWADH ABDUL AZEEZ RAWAS', ''),
(297, 'AWADH ABDULLAH AWADH AL GHASANI', '92840006'),
(298, 'AWADH ABDULLAH AWADH AL GHASSANI', ''),
(299, 'AWADH AL MASHOOR', '91485866'),
(300, 'AWADH FAHAD SHANFARI', '99498383'),
(301, 'AWADH MOHD JUMAN AL SAIRI', '99494111'),
(302, 'AWADH RAJAB BAIT HUSSAIN', '99586466'),
(303, 'AYMAN TRADING (CASH PURCHASE)', ''),
(304, 'AYSHA SAED MOHD AL BANATH', ''),
(305, 'AYYOOB CONTRACTOR (LIYAKATH', '99088063'),
(306, 'AYYOOB RAJASTANI', '98898036'),
(307, 'AZAD RASHID MAHFUD BAITH SAED', '95580058'),
(308, 'BADAR AHMED SAED RAWAS', ''),
(309, 'BADAR BIN FARAJ BIN BAKHEET BAZOOZI', '99688185'),
(310, 'BADER BAKHIT AHMED MUQADAM AL MAHRI', '92222217'),
(311, 'BAHAR AND PARTNERS CO.', ''),
(312, 'BAKHEETA BAKHEET AHMED SALEM THOARE', '99513172'),
(313, 'BAKHEET MOHD AL KATHEERI', '99675611'),
(314, 'BAKHEET SALAM BAKHEET QATAN', '99480090'),
(315, 'BAKHEET SALAM MUSALLAM ZABNOOTH', ''),
(316, 'BANDER SAMHARAM TRADING CO LLC', '99890053'),
(317, 'BANVARI CONTRACTOR', '92302838'),
(318, 'BENNY CONTRACTOR', ''),
(319, 'BHARATH CONTRACTOR', ''),
(320, 'BIN ADIT TRDNG & CONT. CO.', ''),
(321, 'BIN ATEEQ RESTAURANT', '99292440'),
(322, 'BIN DABLAN TRDNG CO.', ''),
(323, 'BIN MOTEEA TRD & CONT. EST.', '99676162'),
(324, 'BRIGHT TOWERS COMPANY LLC', ''),
(325, 'BURJ SHALEEM TRADING', ''),
(326, 'CITY CONSTRUCTION CO.', ''),
(327, 'DANISH (MANI CONTRACTOR)', '79871978'),
(328, 'DAR AL AHKAF TRADING', '99688185'),
(329, 'DAR AL GANAYA TRDNG & CONT.', ''),
(330, 'DAS BUILDING', ''),
(331, 'DHOFAR BEACH TRDNG & CONT.CO.', ''),
(332, 'DIAMOND MEDICAL CLINIC', ''),
(333, 'DR. AHMED ALI MOHD. AL MUSHAIKI', ''),
(334, 'Dr.Mohammed Al Mashithi', '97333111'),
(335, 'DR.SAED BAKHEET AL MAHRI', ''),
(336, 'DULA CONTRACTOR', '92849553'),
(337, 'EASTERN TIDE TRDNG & CONT. CO. LLC', ''),
(338, 'EAST WATERFALLS L.L.C.', '99882266'),
(339, 'ELLAHI BUKSH', ''),
(340, 'EMAD - GENERAL INVESTMENT CO.', '99483941'),
(341, 'EMAD SALAM MOHD SHANFARI', '99430008'),
(342, 'ENG AHMED', '95141957'),
(343, 'ENG AHMED ALI BAOMAR', '92047477'),
(344, 'ENG AHMED MASHINI', '99388845'),
(345, 'ENG. ALA (AL SHAMIL)', '99290290'),
(346, 'ENG HAMID', '91377109'),
(347, 'ENG. MOHD', '97276061'),
(348, 'ENG. MOHD SUHAIL', ''),
(349, 'ENG. MUSTHAHEEL', '99483355'),
(350, 'ENGR. BARAKATH', ''),
(351, 'ENG.REJI', ''),
(352, 'ENGR. HISHAM HAFEEZ', '98013177'),
(353, 'ENGR. MAJED MOHD', ''),
(354, 'ENG SAED MINISTRY OF EDUCATION', '95704030'),
(355, 'ENG. SAED MUSTHAFA', '95547207'),
(356, 'ENG SAID SALAM SHANFARI', '99488721'),
(357, 'ENG. SAJAN - SAED SALAM AMER FADHIL', '91111568'),
(358, 'ENG SALAH AL MANARAH CONSULTANCY', ''),
(359, 'ENG SAMUAL C/O HARWEEL INTERNATIONAL', '95520367'),
(360, 'ENG.ZAMER', '99310012'),
(361, 'ESHRAQ ENGINEERING & INVESTMENT', ''),
(362, 'ESSA ALI AHMED MARDOOF', '99779117'),
(363, 'ESSA AWAD MAHFOODA AL SHEIKH', '95215000'),
(364, 'ESSAM SHANFARI', ''),
(365, 'FAEQ MULAZEM JAMAN BAIT SAID (DEALER)', ''),
(366, 'FAHAD ABDULLAH SALAM AL BALOOSHI', '92883556'),
(367, 'FAISAL ABDUL RAHMAN AL FAQEEH', '99090123 / 99292675'),
(368, 'FANZI BASHIR RABIA BAIT MUSTAHAIL', '99673276'),
(369, 'FAREED, C/O KHIMJI', ''),
(370, 'FARIS & CO. LLC.', '91147935'),
(371, 'FAROOK CONTRACTOR', '95971351, 95119624'),
(372, 'FAROOQ CONTRACTOR AUQATH', '98917689'),
(373, 'FATHIMA BAKHEET ALI AL AWAED', ''),
(374, 'FATHIMA SHANFARI GHAZI AL MARHOON', '99493567'),
(375, 'FAWZI FARAH FARJ RABIA', '99499396'),
(376, 'FIRST FOUNDATION TRADING', '97009700'),
(377, 'FIRST TECHNOLOGY', ''),
(378, 'FRAME CONSTRUCTION', '95997051'),
(379, 'GANAM BAKHEET ALI SABAH AL RAWAS', '99487888'),
(380, 'GANAM MUSTHAHIL BAQI', '92884555'),
(381, 'GANDHI BAI, C/O KHIMJI RAMDAS', ''),
(382, 'GEEP INTERNATIONAL COMPANY', '90585858'),
(383, 'GENETCO- GENERAL ELECTRIC & TRADING CO.LLC', ''),
(384, 'GHANAM MOHD SALAM KHOOFAN', ''),
(385, 'GHANAM THAHIR AL BATHEERI', ''),
(386, 'GHANTOOT TRANSPORT & GEN TRADING (DHOFAR BEACH PROJ)', ''),
(387, 'GHAZI AHMED AJEEJ TABOOK', '95110555'),
(388, 'GLOBAL CHEMICALS & MAINTENANCE SYSTEM LLC', ''),
(389, 'GULF DIAMOND INVESTMENT LIC', ''),
(390, 'GULF JEWEL TRADING CONT.CO.', ''),
(391, 'GULFTECH BUILDING MATERIALS SAADA SHOP', ''),
(392, 'HABEEBIN (STAFF)', ''),
(393, 'HAFEEDH AWADH FATAH BAIT HADID', '99493010'),
(394, 'HAFIDH SALIM ABDULLAH SALIBAB BA OMAR', '99083331'),
(395, 'HAITAM, C/O CBI', '94105564'),
(396, 'HAITHAM AHMED AL GAILY', '99792599'),
(397, 'HAITHAM AHMED HASSAN AL YAFAI', '99294777'),
(398, 'HAITHAM AHMED SALEM MASHAIKI', '92231001'),
(399, 'HAITHAM SALAH RAJAB AL JAMEEL', '99485002'),
(400, 'HAIZAM BASHEER HATHIM BARAKA', '92950501'),
(401, 'HAMDI KHALFAN NASSER AL NAHDHI', '91110269'),
(402, 'HAMDI KHALIFAN NASSER AL NAHDI', '91376332'),
(403, 'HAMED JUMAN AL SHABANI', '99367357'),
(404, 'HAMID AHMED ATEEQ BAIT ATEEQ', '99896061'),
(405, 'HAMID AL AMRY', '99609909'),
(406, 'HAMID MOHD MUSALLAM AL RAWAS', '99201414'),
(407, 'HAMID MUSALLAM BAIT SAED', '99143586'),
(408, 'HAMID SAED FARAJ BAITH FARAJ', ''),
(409, 'HAMID SAID AHMED AL MASHAIKHI', '96774493'),
(410, 'HANEEF YASEEN', '99507574'),
(411, 'HARWEEL INTERNATIONAL CONT. CO.', '95520367'),
(412, 'HASAN BAKHEET SALAM KASHOOB', '92336699, 99495010'),
(413, 'HASAN SALAM SAED AL MUSHAIKI', ''),
(414, 'HASHIM ALAWI ALDEED', '99222366'),
(415, 'HASHIM KM', ''),
(416, 'HASSAN ABOOBACKER ZUBAIDI', '99498559'),
(417, 'HASSAN AHMED SALAM AL RAWAS', '92883333'),
(418, 'HASSAN ALI SAED JABOOB', '96244445'),
(419, 'HASSAN BADAR SAED AL HALARY', '92221553'),
(420, 'HASSAN BAKHEET AHMED QATAN', '95606029'),
(421, 'HASSAN BAKHEET SALAM KASHOOB', '99294734'),
(422, 'HASSAN MOHD SAED AL HADRI', '96644474'),
(423, 'HASSAN SALIM AHMED AL HADDAD', '99094669'),
(424, 'HATHIM GHANAM ALI FADHAL', '99492090'),
(425, 'HAYIM MOHD ASLAM AL HAKMANI', '92077303'),
(426, 'HE ABDUL ALEEM MUSTHAYL RAKYUT', '99688185'),
(427, 'H E AHMED ABDULLAH SULAIMAN MUQAIBAL', ''),
(428, 'HEIRS OF SHEIKH ABDULLAH AL RAWAS', '93214454'),
(429, 'HILAL ABDULLAH AL HARRASI', '96560020'),
(430, 'HIMMATH LAL', '92020852'),
(431, 'HUSSAIN ABDULLAH AHMED BA OMER', '92570888'),
(432, 'HUSSAIN AHMED ALWI AL DHEEB', ''),
(433, 'HUSSAIN AIDEED', ''),
(434, 'HUSSAIN AL BALOOGI LLC', ''),
(435, 'HUSSAIN ALI BA OMAR', '92708749'),
(436, 'HUSSAIN SALEM AWADH SAED AL YAFAI', '99739777'),
(437, 'HUSSAM ABDUL HALEEM JUMAN', '92773293'),
(438, 'HUSSAM ALI SALEM AL KATHEERI', '99291242'),
(439, 'HYDROSS HASSAN AL SHATRI', '71714424'),
(440, 'IBRAHIM BABUL CONTRACTOR', '99688653'),
(441, 'IFTIQAR PLUMBER', '92284463'),
(442, 'ILYAS CONTRACTOR', ''),
(443, 'IMRAN FOREMAN', '94105540'),
(444, 'INTERNATIONAL ENTERPRISES', ''),
(445, 'INTERNATIONAL REAL ESTATE COMPANY', '98874727'),
(446, 'IRFAN AHMED', '92589092'),
(447, 'IRFAN CONTRACTOR', '99481499'),
(448, 'IRFAN FOREMAN', '99739278'),
(449, 'ISHAQ BHAI - KHUTOOT AL REEF', '92489273'),
(450, 'ISHAQ CONTRACTOR (C/O ISLAM BAI)', '99486953'),
(451, 'ISHRAQ SALALAH TRDNG & CONT CO.', ''),
(452, 'ISLAM BAI CONTRACTOR', '99486953'),
(453, 'ITHEHAD AL BADIYA TRDNG CO.', ''),
(454, 'JAGATHEESH CONTRACTOR', '94977326'),
(455, 'JAMEELA SALAM SAED AL MAHRI', ''),
(456, 'JASCOM TRDNG CO', ''),
(457, 'JOSE CONTRACTOR', ''),
(458, 'KADAM SAED HAMEES JABALI', ''),
(459, 'KASIM BASHEER BAITH MAQBOOL', ''),
(460, 'KASIM SAED MUBARAK', '99492214'),
(461, 'KHADEEJA BINT MOHD SHANFARI', ''),
(462, 'KHALID AHMED FATAH AL HADHRI', '95521154'),
(463, 'KHALID AHMED MUSALLAM AL MASHINI', '92789989'),
(464, 'KHALID AL OJAILI', '99898484'),
(465, 'KHALID HASSAN SALAM AL GASSANI', ''),
(466, 'KHALID MUSALLAM FATAH AL HADHRI', '99568555'),
(467, 'KHALID NASER AHMED AL MASHALI', '99497664'),
(468, 'KHOTOOT AL REEF SERVICES CONT. CO.', ''),
(469, 'KINGDOM OF EAGLE(SALES)', ''),
(470, 'LAMYA AMEEN BIN LAHAB', '95693893/93533994'),
(471, 'LISHO CONTRACTOR', '98285248'),
(472, 'MADRAR LIL TAHMIR CONT. CO.', '98959542'),
(473, 'MAHAD BAKHEET MAHAD AL AMRI', '99495506'),
(474, 'MAHAD SUHAIL MUSALLAM JABOOB', '92528593'),
(475, 'MAHENDRAN CONTRACTOR', '99700677'),
(476, 'MAHMOOD SALIM AHMED AL AWAED', '99050575'),
(477, 'MAJID SAID SULAIMAN AL BURAIKI', '99730667'),
(478, 'MALATAN TRADING & CONTG LLC', ''),
(479, 'MALIK AHMED SAED BAQI', '98873773'),
(480, 'MAMDOUH AHMED SAED RAWAS', '95333313'),
(481, 'MANA MAZOUD AHMED AL KATHEERI', ''),
(482, 'MANARAT MUSCAT AL WATANIYA', ''),
(483, 'MANA SAED MUKAIBI JIDAD AL KATHEERI', '99299965, 91663313'),
(484, 'MANDHR GHANIM MOHD AL SHAAFA', '96222168'),
(485, 'MANSOOR CONTRACTOR', '92836366,94957016'),
(486, 'MARAAI BIN SAED TRADING EST', '99493388'),
(487, 'MARMOOL ARABIA', ''),
(488, 'MAR THOMA CHURCH, DHARIS', '93543778'),
(489, 'MARWAN MAHFOODH RAJAB BAHADOOR', ''),
(490, 'MASJID AL QAAF NEW SLL', '92935870'),
(491, 'MASJID SAADHA IBIN BATOOTA STREET', ''),
(492, 'MASOOD MOHD TAMAN JABOOB', ''),
(493, 'MASOOD SALIM ALI JABOOB', '99484983'),
(494, 'MAZIN SAED HAJ ABIDOON', ''),
(495, 'MINISTRY OF ENDOWMETS & RELIGIOUS AFFAIRS', ''),
(496, 'MODERN CONSTRUCTION CO L.L.C', ''),
(497, 'MODERN CONTRACTING CO', '99820660'),
(498, 'MODERN DEVELOPMENT FOR TRAD&CONT.', ''),
(499, 'MODERN SHADE TRADING & CONTRACTING CO.', ''),
(500, 'MOHAMED SAED AHMED SAFRAR', '93969790'),
(501, 'MOHAMMED ABDULLAH ALKAF', '99494494'),
(502, 'MOHAMMED AHMED BAZAMBUR', '99491514'),
(503, 'MOHAMMED ASHLIN JAMAL', '96658056'),
(504, 'MOHAMMED BAKHEET SABAH AL RAWAS', '96999979,92947222'),
(505, 'MOHAMMED HAROON', '97751050'),
(506, 'MOHAMMED SALEM AMAR AL KATHEERI', '99097976'),
(507, 'MOHAMMED SALIM AWADH BAIT SALIM', '92606888'),
(508, 'MOHANAN', '90166163'),
(509, 'MOHD ABDULLAH AL AMRI', ''),
(510, 'MOHD ABDULLAH KHADIM BAIT RABI', '96286293'),
(512, 'MOHD ABDULSALAM BARDAHAN', '99692991'),
(514, 'MOHD ADAM SALAM AL MASHNI', '96180380'),
(515, 'MOHD AHMED ALI AL RAWAS', '99494000'),
(516, 'MOHD AHMED ALI AL YAFAI', '99487122'),
(517, 'Aman', '99999999'),
(518, '', ''),
(519, 'aslkdhlkjsfnhosdf', '984981914981'),
(520, 'TEST', '00000000'),
(521, 'TEST - 2', '00000000'),
(524, 'SHEIKH AWADH', '96655588'),
(525, 'MR SIPU AHMED', '98977037'),
(526, 'ASHLIN', '96658055'),
(527, 'BOSS', '99998888'),
(528, 'MOHD SHAFI', '99894450'),
(529, 'MOHD ASHLIN', '96658055'),
(530, 'RINSHAD', '99995555'),
(531, 'MUSALLAM', '66665555'),
(532, 'ABC', '99554477'),
(533, 'BOSS- DUPLICATE', '99894450');

-- --------------------------------------------------------

--
-- Table structure for table `materials`
--

CREATE TABLE `materials` (
  `id` int(11) NOT NULL,
  `material_name` varchar(255) NOT NULL
) ENGINE=InnoDB DEFAULT CHARSET=utf8mb4 COLLATE=utf8mb4_general_ci;

--
-- Dumping data for table `materials`
--

INSERT INTO `materials` (`id`, `material_name`) VALUES
(2, 'WATERPROOF ROLL POLYSTER 4 MM MADE IN SAUDI ARABIA PLAIN TYPE'),
(3, 'WATERPROOF ROLL POLYSTER 4 MM MADE IN SAUDI ARABIA EXPOSED TYPE'),
(4, 'WATERPROOF ROLL WEBER BIPLAS SL 4 MM POLYSTER MADE IN SAUDI ARABIA ( 1 X 10 MTR )'),
(5, 'WATERPROOF ROLL WEBER BIPLAS PL 180 4 MM POLYSTER MADE IN SAUDI ARABIA ( 1 X 10 MTR )'),
(6, 'WATERPROOF ROLL WEBER BIPLAS WP-PL 4 MM POLYSTER MADE IN SAUDI ARABIA ( 1 X 10 MTR )'),
(7, 'WATERPROOF ROLL WEBER BIPLAS WP-SL 4 MM POLYSTER MADE IN SAUDI ARABIA ( 1 X 10 MTR )');

-- --------------------------------------------------------

--
-- Table structure for table `quotations`
--

CREATE TABLE `quotations` (
  `id` int(11) NOT NULL,
  `quotation_no` varchar(50) NOT NULL,
  `tdate` date NOT NULL,
  `client_id` int(11) NOT NULL,
  `contractor_id` int(11) DEFAULT NULL,
  `engineer_id` int(11) DEFAULT NULL,
  `subcontractor_id` int(11) DEFAULT NULL,
  `attention_id` int(11) DEFAULT NULL,
  `ref_no` varchar(100) DEFAULT NULL,
  `ref_date` date DEFAULT NULL,
  `description` text DEFAULT NULL,
  `project_location` text DEFAULT NULL,
  `warranty` varchar(20) DEFAULT NULL,
  `warranty_note` text DEFAULT NULL,
  `signatory` varchar(100) DEFAULT NULL,
  `total_amount` decimal(12,3) DEFAULT 0.000,
  `discount` decimal(12,3) DEFAULT 0.000,
  `vat_rate` decimal(5,2) DEFAULT 0.00,
  `vat_amount` decimal(12,3) DEFAULT 0.000,
  `round_off` decimal(12,3) DEFAULT 0.000,
  `grand_total` decimal(12,3) DEFAULT 0.000,
  `created_at` timestamp NOT NULL DEFAULT current_timestamp(),
  `show_scope_slno` tinyint(1) DEFAULT 1,
  `show_material_slno` tinyint(1) DEFAULT 1,
  `show_term_slno` tinyint(1) DEFAULT 1
) ENGINE=InnoDB DEFAULT CHARSET=utf8mb4 COLLATE=utf8mb4_general_ci;

--
-- Dumping data for table `quotations`
--

INSERT INTO `quotations` (`id`, `quotation_no`, `tdate`, `client_id`, `contractor_id`, `engineer_id`, `subcontractor_id`, `attention_id`, `ref_no`, `ref_date`, `description`, `project_location`, `warranty`, `warranty_note`, `signatory`, `total_amount`, `discount`, `vat_rate`, `vat_amount`, `round_off`, `grand_total`, `created_at`, `show_scope_slno`, `show_material_slno`, `show_term_slno`) VALUES
(1, '#WP-2025S-980012012', '2025-05-05', 503, 338, 517, 474, 495, '9985554984584', '2002-04-13', NULL, NULL, '10', '', NULL, 700.000, 0.000, 5.00, 35.000, 0.000, 735.000, '2025-05-05 21:12:06', 1, 1, 1),
(4, '#WP-2025S-980012013', '2025-05-06', 503, NULL, NULL, NULL, NULL, '', '0000-00-00', NULL, 'MUSCAT', '10', '', NULL, 0.000, 0.000, 5.00, 0.000, 0.000, 0.000, '2025-05-06 14:57:46', 1, 1, 1),
(5, '#WP-2025S-980012014', '2025-05-06', 503, NULL, NULL, NULL, NULL, '', '0000-00-00', NULL, 'MUSCAT', '10', '', NULL, 0.000, 0.000, 5.00, 0.000, 0.000, 0.000, '2025-05-06 14:57:53', 1, 1, 1),
(6, '#WP-2025S-980012015', '2025-05-06', 503, NULL, NULL, NULL, NULL, '', '0000-00-00', NULL, 'MUSCAT', '10', '', NULL, 0.000, 0.000, 5.00, 0.000, 0.000, 0.000, '2025-05-06 14:58:17', 1, 1, 1),
(7, '#WP-2025S-980012016', '2025-05-06', 503, NULL, NULL, NULL, NULL, '', '0000-00-00', NULL, 'MUSCAT', '10', '', NULL, 0.000, 0.000, 5.00, 0.000, 0.000, 0.000, '2025-05-06 15:06:12', 1, 1, 1),
(8, '#WP-2025S-980012017', '2025-05-06', 503, NULL, NULL, NULL, NULL, '', '0000-00-00', NULL, 'MUSCAT', '10', '', NULL, 0.000, 0.000, 5.00, 0.000, 0.000, 0.000, '2025-05-06 15:10:48', 1, 1, 1),
(9, '#WP-2025S-980012018', '2025-05-06', 518, NULL, NULL, NULL, NULL, '', '0000-00-00', NULL, '', '10', '', NULL, 0.000, 0.000, 5.00, 0.000, 0.000, 0.000, '2025-05-06 16:21:48', 1, 1, 1),
(10, '#WP-2025S-980012019', '2025-05-06', 518, NULL, NULL, NULL, NULL, '', '0000-00-00', NULL, '', '10', '', NULL, 0.000, 0.000, 5.00, 0.000, 0.000, 0.000, '2025-05-06 16:21:59', 1, 1, 1),
(11, '#WP-2025S-980012020', '2025-05-06', 519, NULL, NULL, NULL, NULL, '', '0000-00-00', NULL, 'asdfgadfgadfgdfg', '10', '', NULL, 61.000, 0.000, 5.00, 3.050, 0.000, 64.050, '2025-05-06 16:35:22', 1, 1, 1),
(12, '#WP-2025S-980012021', '2025-05-06', 518, NULL, NULL, NULL, NULL, '', '0000-00-00', NULL, '', '10', '', NULL, 0.000, 0.000, 5.00, 0.000, 0.000, 0.000, '2025-05-06 16:46:55', 1, 1, 1),
(13, '#WP-2025S-980012022', '2025-05-06', 518, NULL, NULL, NULL, NULL, '', '0000-00-00', NULL, '', '10', '', NULL, 0.000, 0.000, 5.00, 0.000, 0.000, 0.000, '2025-05-06 16:56:19', 1, 1, 1),
(14, '#WP-2025S-980012023', '2025-05-06', 503, NULL, NULL, NULL, NULL, '', '0000-00-00', NULL, 'sd51fsdf6sd1fs6f16df1sdf', '10', 'sdfhszdfghsdfghszdfgh', NULL, 50.000, 10.000, 5.00, 2.000, 0.000, 42.000, '2025-05-06 17:06:06', 1, 1, 1),
(15, '#WP-2025S-980012024', '2025-05-06', 518, NULL, NULL, NULL, NULL, '', '0000-00-00', NULL, '', '10', '', NULL, 0.000, 0.000, 5.00, 0.000, 0.000, 0.000, '2025-05-06 17:06:32', 1, 1, 1),
(16, '#WP-2025S-980012025', '2025-05-06', 518, NULL, NULL, NULL, NULL, '', '0000-00-00', NULL, '', '10', '', NULL, 0.000, 0.000, 5.00, 0.000, 0.000, 0.000, '2025-05-06 17:08:44', 1, 1, 1),
(17, '#WP-2025S-980012026', '2025-05-06', 518, NULL, NULL, NULL, NULL, '', '0000-00-00', NULL, '', '10', '', NULL, 0.000, 0.000, 5.00, 0.000, 0.000, 0.000, '2025-05-06 17:08:51', 1, 1, 1),
(18, '#WP-2025S-980012027', '2025-05-10', 520, 520, 520, 520, 520, 'TEST', '2000-01-01', NULL, 'TEST', '10', 'TEST', NULL, 76.000, 0.000, 5.00, 3.800, 0.000, 79.800, '2025-05-10 13:56:12', 1, 1, 1),
(19, '#WP-2025S-980012028', '2025-06-11', 521, 521, 521, 521, 521, 'TEST - 2', '2004-05-01', NULL, 'TEST -2', '14', 'TEST - 2', NULL, 70.000, 0.000, 5.00, 3.500, 0.000, 73.500, '2025-05-10 15:31:25', 1, 1, 1),
(21, '#WP-2025S-980012029', '2025-05-29', 503, NULL, NULL, NULL, NULL, NULL, NULL, NULL, 'sd51fsdf6sd1fs6f16df1sdf', '10', 'sdfhszdfghsdfghszdfgh', NULL, 50.000, 10.000, 5.00, 2.000, 0.000, 42.000, '2025-05-29 13:00:38', 1, 1, 1),
(22, '#WP-2025S-980012030', '2025-05-29', 503, NULL, NULL, NULL, NULL, NULL, NULL, NULL, 'sd51fsdf6sd1fs6f16df1sdf', '10', 'sdfhszdfghsdfghszdfgh', NULL, 50.000, 10.000, 5.00, 2.000, 0.000, 42.000, '2025-05-29 13:10:37', 1, 1, 1),
(23, '#WP-2025S-980012031', '2025-05-28', 526, NULL, NULL, 527, NULL, NULL, NULL, 'ABC', '', '30', NULL, NULL, 27.500, 0.000, 5.00, 1.375, 0.000, 28.875, '2025-05-29 15:19:51', 1, 1, 1),
(24, '#WP-2025S-980012032', '2025-05-28', 526, NULL, NULL, 527, NULL, NULL, NULL, NULL, '', '30', NULL, NULL, 187.500, 0.000, 5.00, 9.375, 0.000, 196.875, '2025-05-29 15:20:22', 1, 1, 1),
(25, '#WP-2025S-980012033', '2025-05-29', 526, NULL, NULL, 527, NULL, NULL, NULL, NULL, '', '30', NULL, NULL, 187.500, 0.000, 5.00, 9.375, 0.000, 196.875, '2025-05-29 15:46:43', 1, 1, 1),
(26, '#WP-2025S-980012034', '2025-05-28', 528, 529, 531, 530, 532, 'ENQ-65SDF1G65A5S1G6A-KK', '2025-05-29', 'FOR ROOF OF SUBSTATION AND MAIN BUILDING', 'AL MAZYUNAH GAS INDUSTRIAL ZONE\nBUILDING - AA/123-33\nSALALAH FREE ZONE\nSALALAH, SULTNATE OF OMAN', '17', 'WARRANTY ONLY APPLICABLE FOR DONE AREA', NULL, 1410.000, 0.000, 5.00, 70.500, 0.000, 1480.500, '2025-05-29 15:53:11', 1, 1, 1),
(27, '#WP-2025S-980012035', '2025-05-28', 533, 529, 531, 530, 532, NULL, NULL, NULL, 'AL MAZYUNAH GAS INDUSTRIAL ZONE\nBUILDING - AA/123-33\nSALALAH FREE ZONE\nSALALAH, SULTNATE OF OMAN', '17', 'WARRANTY ONLY APPLICABLE FOR DONE AREA', NULL, 1410.000, 0.000, 5.00, 70.500, 0.000, 1480.500, '2025-05-29 15:53:47', 1, 1, 1);

-- --------------------------------------------------------

--
-- Table structure for table `quotation_items`
--

CREATE TABLE `quotation_items` (
  `id` int(11) NOT NULL,
  `item` text NOT NULL
) ENGINE=InnoDB DEFAULT CHARSET=utf8mb4 COLLATE=utf8mb4_general_ci;

--
-- Dumping data for table `quotation_items`
--

INSERT INTO `quotation_items` (`id`, `item`) VALUES
(12, 'SUPPLY & APPLICATION OF HIGH PERFOMANCE POLYMER MODIFIED BITUMINOUS MEBRANE ( EXPOSED ) REINFORCED WITH NON-WOVEN POLYSTER MATERIAL , 4MM THICK CARRIER POLYSTER WITH ADHESIVE PRIMER FOR ROOF.'),
(13, 'SUPPLY OF EXTRUDED POLYSTYRENE FOAM BLUE HEAT INSULATION [ 32 -35 KG/M続 ] FOR ROOF.'),
(14, 'SUPPLY AND APPLICATION OF 4 LAYERS TWO ELASTIC COMPOUND, HIGH FLEXIBLE POLYMERS MODIFIED CEMENTITIOUS WATERPROOF COATING WITH GEOTEXTILE MEMBRANE FOR SWIMMING POOL.'),
(15, 'SUPPLY & APPLICATION OF HIGH PERFOMANCE POLYMER MODIFIED BITUMINOUS MEBRANE ( PLAIN ) REINFORCED WITH NON-WOVEN POLYSTER MATERIAL , 4MM THICK CARRIER POLYSTER WITH ADHESIVE PRIMER FOR ROOF.'),
(16, 'SUPPLY AND APPLICATION OF 3 LAYERS OF HIGH PERFORMANCE COLD APPLIED HIGH ELASTOMERIC WATERPROOFING, WATER BASE ACRYLIC SELECTIVE GRADE OF POLYMER, HIGH FLEXIBLE, LIQUID WATERPROOFING FOR ROOF.');

-- --------------------------------------------------------

--
-- Table structure for table `quotation_item_lines`
--

CREATE TABLE `quotation_item_lines` (
  `id` int(11) NOT NULL,
  `quotation_id` int(11) NOT NULL,
  `description` text NOT NULL,
  `qty` decimal(10,3) DEFAULT 0.000,
  `unit` varchar(20) DEFAULT NULL,
  `rate` decimal(12,3) DEFAULT 0.000,
  `amount` decimal(12,3) DEFAULT 0.000,
  `created_at` timestamp NOT NULL DEFAULT current_timestamp()
) ENGINE=InnoDB DEFAULT CHARSET=utf8mb4 COLLATE=utf8mb4_general_ci;

--
-- Dumping data for table `quotation_item_lines`
--

INSERT INTO `quotation_item_lines` (`id`, `quotation_id`, `description`, `qty`, `unit`, `rate`, `amount`, `created_at`) VALUES
(1, 11, 'adfgadfgadsfgadfg', 5.000, 'sdf', 5.000, 25.000, '2025-05-06 16:35:22'),
(2, 11, 'asfgadfgadfgadfgdfg', 6.000, 'sdfg', 6.000, 36.000, '2025-05-06 16:35:22'),
(3, 12, '', 0.000, '', 0.000, 0.000, '2025-05-06 16:46:55'),
(4, 13, '', 0.000, '', 0.000, 0.000, '2025-05-06 16:56:19'),
(5, 14, 'adfhsadfhasdfhsdfh', 5.000, 'SQM', 5.000, 25.000, '2025-05-06 17:06:06'),
(6, 14, 'fhadfhasdfhdfhadfh', 5.000, 'UNIT', 5.000, 25.000, '2025-05-06 17:06:06'),
(7, 15, '', 0.000, '', 0.000, 0.000, '2025-05-06 17:06:32'),
(8, 16, 'sdfghsdghsdgjh', 0.000, '', 0.000, 0.000, '2025-05-06 17:08:44'),
(9, 17, '', 0.000, '', 0.000, 0.000, '2025-05-06 17:08:51'),
(10, 18, 'TEST', 5.000, 'SQM', 5.000, 25.000, '2025-05-10 13:56:12'),
(11, 18, 'SUPPLY & APPLICATION OF HIGH PERFOMANCE POLYMER MODIFIED BITUMINOUS MEBRANE ( PLAIN ) REINFORCED WITH NON-WOVEN POLYSTER MATERIAL , 4MM THICK CARRIER POLYSTER WITH ADHESIVE PRIMER FOR ROOF.', 2.000, 'UNIT', 5.000, 10.000, '2025-05-10 13:56:12'),
(12, 18, 'TEST', 5.000, 'UNIT', 5.000, 25.000, '2025-05-10 13:56:12'),
(13, 18, 'SUPPLY & APPLICATION OF HIGH PERFOMANCE POLYMER MODIFIED BITUMINOUS MEBRANE ( EXPOSED ) REINFORCED WITH NON-WOVEN POLYSTER MATERIAL , 4MM THICK CARRIER POLYSTER WITH ADHESIVE PRIMER FOR ROOF.', 2.000, 'NOS', 8.000, 16.000, '2025-05-10 13:56:12'),
(14, 19, 'TEST - 2', 5.000, 'UNIT', 5.000, 25.000, '2025-05-10 15:31:25'),
(15, 19, 'SUPPLY OF EXTRUDED POLYSTYRENE FOAM BLUE HEAT INSULATION [ 32 -35 KG/M続 ] FOR ROOF.', 9.000, 'NOS', 5.000, 45.000, '2025-05-10 15:31:25'),
(20, 21, 'adfhsadfhasdfhsdfh', 5.000, 'SQM', 5.000, 25.000, '2025-05-29 13:00:39'),
(21, 21, 'fhadfhasdfhdfhadfh', 5.000, 'UNIT', 5.000, 25.000, '2025-05-29 13:00:39'),
(22, 22, 'adfhsadfhasdfhsdfh', 5.000, 'SQM', 5.000, 25.000, '2025-05-29 13:10:37'),
(23, 22, 'fhadfhasdfhdfhadfh', 5.000, 'UNIT', 5.000, 25.000, '2025-05-29 13:10:37'),
(26, 23, 'SUPPLY AND APPLICATION OF 4 LAYERS TWO ELASTIC COMPOUND, HIGH FLEXIBLE POLYMERS MODIFIED CEMENTITIOUS WATERPROOF COATING WITH GEOTEXTILE MEMBRANE FOR SWIMMING POOL.', 5.000, 'SQM', 2.500, 12.500, '2025-05-29 15:20:19'),
(27, 23, 'SUPPLY AND APPLICATION OF 4 LAYERS TWO ELASTIC COMPOUND, HIGH FLEXIBLE POLYMERS MODIFIED CEMENTITIOUS WATERPROOF COATING WITH GEOTEXTILE MEMBRANE FOR SWIMMING POOL.', 6.000, 'NOS', 2.500, 15.000, '2025-05-29 15:20:19'),
(30, 24, 'SUPPLY AND APPLICATION OF 4 LAYERS TWO ELASTIC COMPOUND, HIGH FLEXIBLE POLYMERS MODIFIED CEMENTITIOUS WATERPROOF COATING WITH GEOTEXTILE MEMBRANE FOR SWIMMING POOL.', 5.000, 'SQM', 2.500, 12.500, '2025-05-29 15:21:13'),
(31, 24, 'SUPPLY AND APPLICATION OF 4 LAYERS TWO ELASTIC COMPOUND, HIGH FLEXIBLE POLYMERS MODIFIED CEMENTITIOUS WATERPROOF COATING WITH GEOTEXTILE MEMBRANE FOR SWIMMING POOL.', 6.000, 'NOS', 2.500, 15.000, '2025-05-29 15:21:13'),
(32, 24, 'SUPPLY & APPLICATION OF HIGH PERFOMANCE POLYMER MODIFIED BITUMINOUS MEBRANE ( EXPOSED ) REINFORCED WITH NON-WOVEN POLYSTER MATERIAL , 4MM THICK CARRIER POLYSTER WITH ADHESIVE PRIMER FOR ROOF.', 10.000, 'UNIT', 1.000, 10.000, '2025-05-29 15:21:13'),
(33, 24, 'SUPPLY OF EXTRUDED POLYSTYRENE FOAM BLUE HEAT INSULATION [ 32 -35 KG/M続 ] FOR ROOF.', 100.000, 'UNIT', 1.500, 150.000, '2025-05-29 15:21:13'),
(34, 25, 'SUPPLY AND APPLICATION OF 4 LAYERS TWO ELASTIC COMPOUND, HIGH FLEXIBLE POLYMERS MODIFIED CEMENTITIOUS WATERPROOF COATING WITH GEOTEXTILE MEMBRANE FOR SWIMMING POOL.', 5.000, 'SQM', 2.500, 12.500, '2025-05-29 15:46:43'),
(35, 25, 'SUPPLY AND APPLICATION OF 4 LAYERS TWO ELASTIC COMPOUND, HIGH FLEXIBLE POLYMERS MODIFIED CEMENTITIOUS WATERPROOF COATING WITH GEOTEXTILE MEMBRANE FOR SWIMMING POOL.', 6.000, 'NOS', 2.500, 15.000, '2025-05-29 15:46:43'),
(36, 25, 'SUPPLY & APPLICATION OF HIGH PERFOMANCE POLYMER MODIFIED BITUMINOUS MEBRANE ( EXPOSED ) REINFORCED WITH NON-WOVEN POLYSTER MATERIAL , 4MM THICK CARRIER POLYSTER WITH ADHESIVE PRIMER FOR ROOF.', 10.000, 'UNIT', 1.000, 10.000, '2025-05-29 15:46:43'),
(37, 25, 'SUPPLY OF EXTRUDED POLYSTYRENE FOAM BLUE HEAT INSULATION [ 32 -35 KG/M続 ] FOR ROOF.', 100.000, 'UNIT', 1.500, 150.000, '2025-05-29 15:46:43'),
(41, 26, 'SUPPLY & APPLICATION OF HIGH PERFOMANCE POLYMER MODIFIED BITUMINOUS MEBRANE ( EXPOSED ) REINFORCED WITH NON-WOVEN POLYSTER MATERIAL , 4MM THICK CARRIER POLYSTER WITH ADHESIVE PRIMER FOR ROOF.', 20.000, 'SQM', 20.000, 400.000, '2025-05-29 15:53:44'),
(42, 26, 'SUPPLY & APPLICATION OF HIGH PERFOMANCE POLYMER MODIFIED BITUMINOUS MEBRANE ( EXPOSED ) REINFORCED WITH NON-WOVEN POLYSTER MATERIAL , 4MM THICK CARRIER POLYSTER WITH ADHESIVE PRIMER FOR ROOF.', 52.000, 'SQM', 5.000, 260.000, '2025-05-29 15:53:44'),
(43, 26, 'SUPPLY & APPLICATION OF HIGH PERFOMANCE POLYMER MODIFIED BITUMINOUS MEBRANE ( PLAIN ) REINFORCED WITH NON-WOVEN POLYSTER MATERIAL , 4MM THICK CARRIER POLYSTER WITH ADHESIVE PRIMER FOR ROOF.', 25.000, 'NOS', 30.000, 750.000, '2025-05-29 15:53:44'),
(47, 27, 'SUPPLY & APPLICATION OF HIGH PERFOMANCE POLYMER MODIFIED BITUMINOUS MEBRANE ( EXPOSED ) REINFORCED WITH NON-WOVEN POLYSTER MATERIAL , 4MM THICK CARRIER POLYSTER WITH ADHESIVE PRIMER FOR ROOF.', 20.000, 'SQM', 20.000, 400.000, '2025-05-29 15:54:07'),
(48, 27, 'SUPPLY & APPLICATION OF HIGH PERFOMANCE POLYMER MODIFIED BITUMINOUS MEBRANE ( EXPOSED ) REINFORCED WITH NON-WOVEN POLYSTER MATERIAL , 4MM THICK CARRIER POLYSTER WITH ADHESIVE PRIMER FOR ROOF.', 52.000, 'SQM', 5.000, 260.000, '2025-05-29 15:54:07'),
(49, 27, 'SUPPLY & APPLICATION OF HIGH PERFOMANCE POLYMER MODIFIED BITUMINOUS MEBRANE ( PLAIN ) REINFORCED WITH NON-WOVEN POLYSTER MATERIAL , 4MM THICK CARRIER POLYSTER WITH ADHESIVE PRIMER FOR ROOF.', 25.000, 'NOS', 30.000, 750.000, '2025-05-29 15:54:07');

-- --------------------------------------------------------

--
-- Table structure for table `quotation_materials`
--

CREATE TABLE `quotation_materials` (
  `id` int(11) NOT NULL,
  `quotation_id` int(11) NOT NULL,
  `material` text NOT NULL,
  `created_at` timestamp NOT NULL DEFAULT current_timestamp()
) ENGINE=InnoDB DEFAULT CHARSET=utf8mb4 COLLATE=utf8mb4_general_ci;

--
-- Dumping data for table `quotation_materials`
--

INSERT INTO `quotation_materials` (`id`, `quotation_id`, `material`, `created_at`) VALUES
(1, 1, 'WATERPROOF ROLL WEBER BIPLAS WP-SL 4 MM POLYSTER MADE IN SAUDI ARABIA ( 1 X 10 MTR )', '2025-05-05 21:12:06'),
(2, 1, 'WATERPROOF ROLL WEBER BIPLAS PL 180 4 MM POLYSTER MADE IN SAUDI ARABIA ( 1 X 10 MTR )', '2025-05-05 21:12:06'),
(3, 4, '', '2025-05-06 14:57:46'),
(4, 5, '', '2025-05-06 14:57:53'),
(5, 6, '', '2025-05-06 14:58:17'),
(6, 7, '', '2025-05-06 15:06:12'),
(7, 8, '', '2025-05-06 15:10:48'),
(8, 9, '', '2025-05-06 16:21:48'),
(11, 23, '', '2025-05-29 15:20:19'),
(13, 24, '', '2025-05-29 15:21:13'),
(14, 25, '', '2025-05-29 15:46:43'),
(17, 26, 'WATERPROOF ROLL WEBER BIPLAS WP-PL 4 MM POLYSTER MADE IN SAUDI ARABIA ( 1 X 10 MTR )', '2025-05-29 15:53:44'),
(18, 26, 'WATERPROOF ROLL POLYSTER 4 MM MADE IN SAUDI ARABIA EXPOSED TYPE', '2025-05-29 15:53:44'),
(21, 27, 'WATERPROOF ROLL WEBER BIPLAS WP-PL 4 MM POLYSTER MADE IN SAUDI ARABIA ( 1 X 10 MTR )', '2025-05-29 15:54:07'),
(22, 27, 'WATERPROOF ROLL POLYSTER 4 MM MADE IN SAUDI ARABIA EXPOSED TYPE', '2025-05-29 15:54:07');

-- --------------------------------------------------------

--
-- Table structure for table `quotation_scope`
--

CREATE TABLE `quotation_scope` (
  `id` int(11) NOT NULL,
  `quotation_id` int(11) NOT NULL,
  `scope` text NOT NULL,
  `created_at` timestamp NOT NULL DEFAULT current_timestamp()
) ENGINE=InnoDB DEFAULT CHARSET=utf8mb4 COLLATE=utf8mb4_general_ci;

--
-- Dumping data for table `quotation_scope`
--

INSERT INTO `quotation_scope` (`id`, `quotation_id`, `scope`, `created_at`) VALUES
(1, 1, 'SUPPLY AND APPLICATION OF SPECIFIED WATERPROOFING MEMBRANE 4 MM MADE IN SAUDI ARABIA', '2025-05-05 21:12:06'),
(2, 1, 'CUTTING AND REMOVAL SCARS AND DAMAGED AREA WITH 1 CM DEPTH AND REFIXING WITH FOAM AND ALUMINIUM PROFILE WITH SCREWS', '2025-05-05 21:12:06'),
(3, 4, '', '2025-05-06 14:57:46'),
(4, 5, '', '2025-05-06 14:57:53'),
(5, 6, '', '2025-05-06 14:58:17'),
(6, 7, '', '2025-05-06 15:06:12'),
(7, 8, '', '2025-05-06 15:10:48'),
(8, 9, '', '2025-05-06 16:21:48'),
(12, 23, '', '2025-05-29 15:20:19'),
(14, 24, '', '2025-05-29 15:21:13'),
(15, 25, '', '2025-05-29 15:46:43'),
(19, 26, 'TREATING OF THE RUSTED AREA BY APPLICATION OF EPOXY BASF 8100 OR JOTUN JOTOMASTIC 87', '2025-05-29 15:53:44'),
(20, 26, 'SUPPLY AND APPLICATION OF SPECIFIED WATERPROOFING MEMBRANE 4 MM MADE IN SAUDI ARABIA', '2025-05-29 15:53:44'),
(21, 26, 'CLEANING OF ROOF BY USING WATER PRESSURE MACHINE', '2025-05-29 15:53:44'),
(25, 27, 'TREATING OF THE RUSTED AREA BY APPLICATION OF EPOXY BASF 8100 OR JOTUN JOTOMASTIC 87', '2025-05-29 15:54:07'),
(26, 27, 'SUPPLY AND APPLICATION OF SPECIFIED WATERPROOFING MEMBRANE 4 MM MADE IN SAUDI ARABIA', '2025-05-29 15:54:07'),
(27, 27, 'CLEANING OF ROOF BY USING WATER PRESSURE MACHINE', '2025-05-29 15:54:07');

-- --------------------------------------------------------

--
-- Table structure for table `quotation_terms`
--

CREATE TABLE `quotation_terms` (
  `id` int(11) NOT NULL,
  `quotation_id` int(11) NOT NULL,
  `term` text NOT NULL,
  `created_at` timestamp NOT NULL DEFAULT current_timestamp()
) ENGINE=InnoDB DEFAULT CHARSET=utf8mb4 COLLATE=utf8mb4_general_ci;

--
-- Dumping data for table `quotation_terms`
--

INSERT INTO `quotation_terms` (`id`, `quotation_id`, `term`, `created_at`) VALUES
(1, 1, 'PAYMENT TERMS : 50% ADVANCE PAYMENT ; 50% AFTER COMPLETION', '2025-05-05 21:12:06'),
(2, 4, '', '2025-05-06 14:57:46'),
(3, 5, '', '2025-05-06 14:57:53'),
(4, 6, '', '2025-05-06 14:58:17'),
(5, 7, '', '2025-05-06 15:06:12'),
(6, 8, '', '2025-05-06 15:10:48'),
(7, 9, '', '2025-05-06 16:21:48'),
(11, 23, '', '2025-05-29 15:20:19'),
(13, 24, '', '2025-05-29 15:21:13'),
(14, 25, '', '2025-05-29 15:46:43'),
(17, 26, 'WATER AND POWER SHOULD BE PROVIDED IN THE SITE', '2025-05-29 15:53:44'),
(18, 26, 'PAYMENT TERMS : 50% ADVANCE PAYMENT ; 50% AFTER COMPLETION', '2025-05-29 15:53:44'),
(21, 27, 'WATER AND POWER SHOULD BE PROVIDED IN THE SITE', '2025-05-29 15:54:07'),
(22, 27, 'PAYMENT TERMS : 50% ADVANCE PAYMENT ; 50% AFTER COMPLETION', '2025-05-29 15:54:07');

-- --------------------------------------------------------

--
-- Table structure for table `scope`
--

CREATE TABLE `scope` (
  `id` int(11) NOT NULL,
  `scope` text NOT NULL
) ENGINE=InnoDB DEFAULT CHARSET=utf8mb4 COLLATE=utf8mb4_general_ci;

--
-- Dumping data for table `scope`
--

INSERT INTO `scope` (`id`, `scope`) VALUES
(2, 'SUPPLY AND INSTALLATION OF WATERPROOF ROLL 4 MM THICKNESS POLYSTER MADE IN SAUDI ARABIA'),
(3, 'CLEANING OF ROOF BY USING WATER PRESSURE MACHINE'),
(4, 'TREATING OF THE RUSTED AREA BY APPLICATION OF EPOXY BASF 8100 OR JOTUN JOTOMASTIC 87'),
(5, 'CUTTING AND REMOVAL SCARS AND DAMAGED AREA WITH 1 CM DEPTH AND REFIXING WITH FOAM AND ALUMINIUM PROFILE WITH SCREWS'),
(6, 'SPECIAL TREATMENT ON ALL NUTS AND SCREWS'),
(7, 'SUPPLY AND APPLICATION OF WATERPROOFING BITUMEN PRIMER'),
(8, 'SUPPLY AND APPLICATION OF SPECIFIED WATERPROOFING MEMBRANE 4 MM MADE IN SAUDI ARABIA');

-- --------------------------------------------------------

--
-- Table structure for table `terms`
--

CREATE TABLE `terms` (
  `id` int(11) NOT NULL,
  `term` text NOT NULL
) ENGINE=InnoDB DEFAULT CHARSET=utf8mb4 COLLATE=utf8mb4_general_ci;

--
-- Dumping data for table `terms`
--

INSERT INTO `terms` (`id`, `term`) VALUES
(4, 'WATER AND POWER SHOULD BE PROVIDED IN THE SITE'),
(5, '10 YEARS GUARANTEE AGAINST LEAKAGE AND READY TO SERVE LABOUR AT ANY TIME FREE OF COST DURING THE WARRANTY PERIOD'),
(6, 'PAYMENT TERMS : 50% ADVANCE PAYMENT ; 50% AFTER COMPLETION'),
(7, 'DURATION : 15 DAYS FROM THE DATE OF CONFIRMATION');

-- --------------------------------------------------------

--
-- Table structure for table `units`
--

CREATE TABLE `units` (
  `id` int(11) NOT NULL,
  `unit` varchar(100) NOT NULL
) ENGINE=InnoDB DEFAULT CHARSET=utf8mb4 COLLATE=utf8mb4_general_ci;

--
-- Dumping data for table `units`
--

INSERT INTO `units` (`id`, `unit`) VALUES
(1, 'NOS'),
(2, 'UNIT'),
(3, 'SQM');

-- --------------------------------------------------------

--
-- Table structure for table `users`
--

CREATE TABLE `users` (
  `id` int(11) NOT NULL,
  `username` varchar(100) NOT NULL,
  `password` varchar(255) NOT NULL
) ENGINE=InnoDB DEFAULT CHARSET=utf8mb4 COLLATE=utf8mb4_general_ci;

--
-- Dumping data for table `users`
--

INSERT INTO `users` (`id`, `username`, `password`) VALUES
(1, 'admin', '$2b$10$Ckjo4G28Cn/QZAw3kkYZp.lqAcIeFTs/L5NC3rOPWlNs474xPQ4Nm');

--
-- Indexes for dumped tables
--

--
-- Indexes for table `clients`
--
ALTER TABLE `clients`
  ADD PRIMARY KEY (`id`);

--
-- Indexes for table `materials`
--
ALTER TABLE `materials`
  ADD PRIMARY KEY (`id`);

--
-- Indexes for table `quotations`
--
ALTER TABLE `quotations`
  ADD PRIMARY KEY (`id`),
  ADD UNIQUE KEY `quotation_no` (`quotation_no`),
  ADD KEY `client_id` (`client_id`),
  ADD KEY `contractor_id` (`contractor_id`),
  ADD KEY `engineer_id` (`engineer_id`),
  ADD KEY `subcontractor_id` (`subcontractor_id`),
  ADD KEY `attention_id` (`attention_id`);

--
-- Indexes for table `quotation_items`
--
ALTER TABLE `quotation_items`
  ADD PRIMARY KEY (`id`);

--
-- Indexes for table `quotation_item_lines`
--
ALTER TABLE `quotation_item_lines`
  ADD PRIMARY KEY (`id`),
  ADD KEY `quotation_id` (`quotation_id`);

--
-- Indexes for table `quotation_materials`
--
ALTER TABLE `quotation_materials`
  ADD PRIMARY KEY (`id`),
  ADD KEY `quotation_id` (`quotation_id`);

--
-- Indexes for table `quotation_scope`
--
ALTER TABLE `quotation_scope`
  ADD PRIMARY KEY (`id`),
  ADD KEY `quotation_id` (`quotation_id`);

--
-- Indexes for table `quotation_terms`
--
ALTER TABLE `quotation_terms`
  ADD PRIMARY KEY (`id`),
  ADD KEY `quotation_id` (`quotation_id`);

--
-- Indexes for table `scope`
--
ALTER TABLE `scope`
  ADD PRIMARY KEY (`id`);

--
-- Indexes for table `terms`
--
ALTER TABLE `terms`
  ADD PRIMARY KEY (`id`);

--
-- Indexes for table `units`
--
ALTER TABLE `units`
  ADD PRIMARY KEY (`id`);

--
-- Indexes for table `users`
--
ALTER TABLE `users`
  ADD PRIMARY KEY (`id`),
  ADD UNIQUE KEY `username` (`username`);

--
-- AUTO_INCREMENT for dumped tables
--

--
-- AUTO_INCREMENT for table `clients`
--
ALTER TABLE `clients`
  MODIFY `id` int(11) NOT NULL AUTO_INCREMENT, AUTO_INCREMENT=534;

--
-- AUTO_INCREMENT for table `materials`
--
ALTER TABLE `materials`
  MODIFY `id` int(11) NOT NULL AUTO_INCREMENT, AUTO_INCREMENT=9;

--
-- AUTO_INCREMENT for table `quotations`
--
ALTER TABLE `quotations`
  MODIFY `id` int(11) NOT NULL AUTO_INCREMENT, AUTO_INCREMENT=28;

--
-- AUTO_INCREMENT for table `quotation_items`
--
ALTER TABLE `quotation_items`
  MODIFY `id` int(11) NOT NULL AUTO_INCREMENT, AUTO_INCREMENT=17;

--
-- AUTO_INCREMENT for table `quotation_item_lines`
--
ALTER TABLE `quotation_item_lines`
  MODIFY `id` int(11) NOT NULL AUTO_INCREMENT, AUTO_INCREMENT=50;

--
-- AUTO_INCREMENT for table `quotation_materials`
--
ALTER TABLE `quotation_materials`
  MODIFY `id` int(11) NOT NULL AUTO_INCREMENT, AUTO_INCREMENT=23;

--
-- AUTO_INCREMENT for table `quotation_scope`
--
ALTER TABLE `quotation_scope`
  MODIFY `id` int(11) NOT NULL AUTO_INCREMENT, AUTO_INCREMENT=28;

--
-- AUTO_INCREMENT for table `quotation_terms`
--
ALTER TABLE `quotation_terms`
  MODIFY `id` int(11) NOT NULL AUTO_INCREMENT, AUTO_INCREMENT=23;

--
-- AUTO_INCREMENT for table `scope`
--
ALTER TABLE `scope`
  MODIFY `id` int(11) NOT NULL AUTO_INCREMENT, AUTO_INCREMENT=9;

--
-- AUTO_INCREMENT for table `terms`
--
ALTER TABLE `terms`
  MODIFY `id` int(11) NOT NULL AUTO_INCREMENT, AUTO_INCREMENT=8;

--
-- AUTO_INCREMENT for table `units`
--
ALTER TABLE `units`
  MODIFY `id` int(11) NOT NULL AUTO_INCREMENT, AUTO_INCREMENT=4;

--
-- AUTO_INCREMENT for table `users`
--
ALTER TABLE `users`
  MODIFY `id` int(11) NOT NULL AUTO_INCREMENT, AUTO_INCREMENT=2;

--
-- Constraints for dumped tables
--

--
-- Constraints for table `quotations`
--
ALTER TABLE `quotations`
  ADD CONSTRAINT `quotations_ibfk_1` FOREIGN KEY (`client_id`) REFERENCES `clients` (`id`),
  ADD CONSTRAINT `quotations_ibfk_2` FOREIGN KEY (`contractor_id`) REFERENCES `clients` (`id`),
  ADD CONSTRAINT `quotations_ibfk_3` FOREIGN KEY (`engineer_id`) REFERENCES `clients` (`id`),
  ADD CONSTRAINT `quotations_ibfk_4` FOREIGN KEY (`subcontractor_id`) REFERENCES `clients` (`id`),
  ADD CONSTRAINT `quotations_ibfk_5` FOREIGN KEY (`attention_id`) REFERENCES `clients` (`id`);

--
-- Constraints for table `quotation_item_lines`
--
ALTER TABLE `quotation_item_lines`
  ADD CONSTRAINT `quotation_item_lines_ibfk_1` FOREIGN KEY (`quotation_id`) REFERENCES `quotations` (`id`) ON DELETE CASCADE;

--
-- Constraints for table `quotation_materials`
--
ALTER TABLE `quotation_materials`
  ADD CONSTRAINT `quotation_materials_ibfk_1` FOREIGN KEY (`quotation_id`) REFERENCES `quotations` (`id`) ON DELETE CASCADE;

--
-- Constraints for table `quotation_scope`
--
ALTER TABLE `quotation_scope`
  ADD CONSTRAINT `quotation_scope_ibfk_1` FOREIGN KEY (`quotation_id`) REFERENCES `quotations` (`id`) ON DELETE CASCADE;

--
-- Constraints for table `quotation_terms`
--
ALTER TABLE `quotation_terms`
  ADD CONSTRAINT `quotation_terms_ibfk_1` FOREIGN KEY (`quotation_id`) REFERENCES `quotations` (`id`) ON DELETE CASCADE;
COMMIT;

/*!40101 SET CHARACTER_SET_CLIENT=@OLD_CHARACTER_SET_CLIENT */;
/*!40101 SET CHARACTER_SET_RESULTS=@OLD_CHARACTER_SET_RESULTS */;
/*!40101 SET COLLATION_CONNECTION=@OLD_COLLATION_CONNECTION */;
